s,x,y,yaw,kappa,v
0.0000,3.0223,0.3858,-0.7429,-0.0000,0.0000
0.0200,3.0370,0.3723,-0.7429,0.0085,0.2449
0.0400,3.0517,0.3588,-0.7426,0.0254,0.3463
0.0600,3.0665,0.3452,-0.7419,0.0253,0.4242
0.0800,3.0812,0.3317,-0.7416,-0.0084,0.4899
0.1000,3.0960,0.3182,-0.7423,-0.0338,0.5477
0.1200,3.1107,0.3047,-0.7429,0.0008,0.6000
0.1400,3.1254,0.2912,-0.7422,0.0531,0.6480
0.1600,3.1402,0.2777,-0.7408,0.0530,0.6928
0.1800,3.1549,0.2642,-0.7401,-0.0008,0.7348
0.1999,3.1697,0.2507,-0.7408,-0.0369,0.7745
0.2200,3.1845,0.2372,-0.7416,-0.0268,0.8123
0.2400,3.1992,0.2237,-0.7419,-0.0253,0.8485
0.2600,3.2140,0.2101,-0.7426,-0.0254,0.8831
0.2800,3.2287,0.1966,-0.7429,0.0085,0.9165
0.3000,3.2434,0.1831,-0.7423,0.0338,0.9486
0.3200,3.2582,0.1696,-0.7416,0.0169,0.9798
0.3400,3.2729,0.1561,-0.7416,0.0000,1.0099
0.3600,3.2877,0.1425,-0.7416,0.0000,1.0392
0.3800,3.3024,0.1290,-0.7416,0.0015,1.0677
0.4000,3.3172,0.1155,-0.7415,0.0031,1.0955
0.4200,3.3319,0.1020,-0.7415,0.0008,1.1000
0.4400,3.3466,0.0885,-0.7415,-0.0023,1.1000
0.4599,3.3614,0.0750,-0.7415,-0.0023,1.1000
0.4800,3.3761,0.0615,-0.7416,-0.0008,1.1000
0.5000,3.3909,0.0480,-0.7416,0.0000,1.1000
0.5200,3.4057,0.0345,-0.7416,-0.0084,1.1000
0.5400,3.4204,0.0210,-0.7419,-0.0253,1.1000
0.5600,3.4352,0.0074,-0.7426,-0.0254,1.1000
0.5800,3.4499,-0.0061,-0.7429,0.0085,1.1000
0.6000,3.4646,-0.0196,-0.7423,0.0338,1.1000
0.6200,3.4794,-0.0331,-0.7416,0.0176,1.1000
0.6400,3.4941,-0.0466,-0.7415,0.0023,1.1000
0.6600,3.5089,-0.0601,-0.7415,0.0023,1.1000
0.6800,3.5236,-0.0736,-0.7415,-0.0008,1.1000
0.6999,3.5383,-0.0871,-0.7415,-0.0031,1.1000
0.7199,3.5531,-0.1006,-0.7416,-0.0015,1.1000
0.7400,3.5678,-0.1141,-0.7416,-0.0000,1.1000
0.7600,3.5826,-0.1277,-0.7416,-0.0000,1.1000
0.7800,3.5973,-0.1412,-0.7416,-0.0169,1.1000
0.8000,3.6121,-0.1547,-0.7423,-0.0338,1.1000
0.8200,3.6268,-0.1682,-0.7429,-0.0085,1.1000
0.8400,3.6415,-0.1817,-0.7426,0.0254,1.1000
0.8600,3.6563,-0.1953,-0.7419,0.0253,1.1000
0.8800,3.6710,-0.2088,-0.7416,0.0268,1.1000
0.9000,3.6858,-0.2223,-0.7408,0.0369,1.1000
0.9200,3.7006,-0.2358,-0.7401,0.0008,1.1000
0.9400,3.7153,-0.2493,-0.7408,-0.0530,1.1000
0.9600,3.7301,-0.2628,-0.7422,-0.0531,1.1000
0.9800,3.7448,-0.2763,-0.7429,-0.0008,1.1000
0.9999,3.7595,-0.2898,-0.7423,0.0338,1.1000
1.0200,3.7743,-0.3033,-0.7416,0.0169,1.1000
1.0400,3.7890,-0.3168,-0.7416,-0.0000,1.1000
1.0600,3.8038,-0.3304,-0.7416,0.0000,1.1000
1.0800,3.8185,-0.3439,-0.7416,-0.0169,1.1000
1.1000,3.8333,-0.3574,-0.7423,-0.0338,1.1000
1.1200,3.8480,-0.3709,-0.7429,0.0008,1.1000
1.1400,3.8627,-0.3844,-0.7422,0.0531,1.1000
1.1600,3.8775,-0.3979,-0.7408,0.0530,1.1000
1.1800,3.8922,-0.4114,-0.7401,-0.0177,1.1000
1.2000,3.9070,-0.4249,-0.7415,-0.0707,1.1000
1.2200,3.9217,-0.4384,-0.7429,-0.0269,1.1000
1.2399,3.9364,-0.4519,-0.7426,0.0254,1.1000
1.2599,3.9512,-0.4655,-0.7419,0.0253,1.1000
1.2800,3.9659,-0.4790,-0.7416,0.0084,1.1000
1.3000,3.9807,-0.4925,-0.7416,0.0000,1.1000
1.3200,3.9955,-0.5060,-0.7416,-0.0084,1.1000
1.3400,4.0102,-0.5195,-0.7419,-0.0253,1.1000
1.3600,4.0250,-0.5331,-0.7426,-0.0254,1.1000
1.3800,4.0397,-0.5466,-0.7429,0.0269,1.1000
1.4000,4.0544,-0.5601,-0.7415,0.0707,1.1000
1.4200,4.0692,-0.5736,-0.7401,0.0261,1.1000
1.4400,4.0839,-0.5871,-0.7405,-0.0277,1.1000
1.4600,4.0987,-0.6006,-0.7412,-0.0276,1.1000
1.4800,4.1134,-0.6141,-0.7416,-0.0261,1.1000
1.5000,4.1282,-0.6276,-0.7423,-0.0338,1.1000
1.5200,4.1429,-0.6411,-0.7429,-0.0085,1.1000
1.5400,4.1576,-0.6546,-0.7426,0.0254,1.1000
1.5600,4.1724,-0.6682,-0.7419,0.0253,1.1000
1.5800,4.1871,-0.6817,-0.7416,0.0084,1.1000
1.6000,4.2019,-0.6952,-0.7416,0.0000,1.1000
1.6200,4.2167,-0.7087,-0.7416,0.0008,1.1000
1.6400,4.2314,-0.7222,-0.7415,0.0023,1.1000
1.6600,4.2462,-0.7357,-0.7415,0.0023,1.1000
1.6800,4.2609,-0.7492,-0.7415,-0.0008,1.1000
1.6999,4.2756,-0.7627,-0.7415,-0.0031,1.1000
1.7200,4.2904,-0.7762,-0.7416,-0.0100,1.1000
1.7400,4.3051,-0.7897,-0.7419,-0.0253,1.1000
1.7600,4.3199,-0.8033,-0.7426,-0.0254,1.1000
1.7800,4.3346,-0.8168,-0.7429,0.0085,1.1000
1.8000,4.3493,-0.8303,-0.7423,0.0338,1.1000
1.8200,4.3641,-0.8438,-0.7416,0.0169,1.1000
1.8400,4.3788,-0.8573,-0.7416,0.0000,1.1000
1.8600,4.3936,-0.8709,-0.7416,0.0000,1.1000
1.8800,4.4083,-0.8844,-0.7416,0.0015,1.1000
1.9000,4.4231,-0.8979,-0.7415,0.0031,1.1000
1.9200,4.4378,-0.9114,-0.7415,0.0008,1.1000
1.9400,4.4525,-0.9249,-0.7415,-0.0023,1.1000
1.9599,4.4673,-0.9384,-0.7415,-0.0023,1.1000
1.9800,4.4820,-0.9519,-0.7416,-0.0008,1.1000
2.0000,4.4968,-0.9654,-0.7416,0.0000,1.1000
2.0200,4.5116,-0.9789,-0.7416,0.2520,1.0981
2.0400,4.5263,-0.9924,-0.7315,0.7567,1.0704
2.0600,4.5413,-1.0057,-0.7113,0.7783,1.0420
2.0800,4.5566,-1.0186,-0.7004,1.3153,1.0128
2.1000,4.5719,-1.0314,-0.6586,2.0711,0.9827
2.1200,4.5882,-1.0430,-0.6177,1.5833,1.0127
2.1400,4.6045,-1.0546,-0.5953,1.5968,1.0419
2.1600,4.6213,-1.0654,-0.5539,1.5728,1.0496
2.1800,4.6385,-1.0756,-0.5324,1.5826,1.0206
2.2000,4.6558,-1.0857,-0.4905,2.0375,0.9907
2.2200,4.6738,-1.0944,-0.4510,1.5646,1.0205
2.2399,4.6917,-1.1031,-0.4279,1.5734,1.0495
2.2599,4.7101,-1.1110,-0.3882,1.5199,1.0523
2.2800,4.7288,-1.1183,-0.3670,1.5916,1.0234
2.3000,4.7475,-1.1254,-0.3243,2.0259,0.9936
2.3200,4.7667,-1.1310,-0.2861,1.5849,1.0233
2.3400,4.7859,-1.1367,-0.2609,1.6410,1.0523
2.3600,4.8053,-1.1413,-0.2205,1.5431,1.0700
2.3800,4.8249,-1.1454,-0.1992,1.5822,1.0416
2.3999,4.8445,-1.1493,-0.1572,1.9513,1.0124
2.4199,4.8643,-1.1517,-0.1214,1.5877,1.0416
2.4399,4.8842,-1.1541,-0.0937,1.7320,1.0700
2.4599,4.9041,-1.1554,-0.0522,1.5705,1.0977
2.4799,4.9241,-1.1562,-0.0308,1.5392,1.0726
2.4999,4.9441,-1.1566,0.0095,1.8342,1.0442
2.5199,4.9641,-1.1558,0.0424,1.5730,1.0725
2.5399,4.9840,-1.1549,0.0724,1.8149,1.0498
2.5598,5.0039,-1.1529,0.1148,1.6047,1.0779
2.5798,5.0237,-1.1504,0.1366,1.5663,1.0765
2.5998,5.0435,-1.1475,0.1775,1.8202,1.0482
2.6198,5.0631,-1.1433,0.2093,1.5490,1.0765
2.6398,5.0826,-1.1392,0.2395,1.7746,1.0616
2.6598,5.1019,-1.1338,0.2801,1.5561,1.0895
2.6798,5.1210,-1.1281,0.3017,1.6013,1.0711
2.6998,5.1400,-1.1220,0.3442,1.8393,1.0428
2.7198,5.1587,-1.1146,0.3753,1.5616,1.0712
2.7398,5.1773,-1.1073,0.4068,1.7909,1.0568
2.7598,5.1954,-1.0988,0.4469,1.5451,1.0848
2.7798,5.2134,-1.0900,0.4687,1.6030,1.0831
2.7998,5.2311,-1.0807,0.5111,1.7968,1.0550
2.8198,5.2482,-1.0704,0.5404,1.5811,1.0621
2.8398,5.2654,-1.0601,0.5743,1.8726,1.0335
2.8598,5.2818,-1.0487,0.6152,1.5596,1.0621
2.8798,5.2980,-1.0371,0.6367,1.5830,1.0899
2.8998,5.3139,-1.0250,0.6785,1.7210,1.0780
2.9198,5.3292,-1.0120,0.7056,1.5557,1.0546
2.9398,5.3444,-0.9990,0.7409,1.9008,1.0258
2.9598,5.3587,-0.9850,0.7815,1.3566,1.0546
2.9798,5.3728,-0.9708,0.7951,0.8697,1.0826
2.9998,5.3867,-0.9564,0.8163,0.8526,1.1000
3.0198,5.4002,-0.9417,0.8292,0.3238,1.1000
3.0398,5.4137,-0.9269,0.8293,0.0029,1.1000
3.0598,5.4272,-0.9122,0.8293,0.0011,1.1000
3.0797,5.4407,-0.8975,0.8293,-0.0020,1.1000
3.0997,5.4542,-0.8827,0.8293,-0.0025,1.1000
3.1197,5.4677,-0.8680,0.8292,-0.0009,1.1000
3.1398,5.4812,-0.8532,0.8292,0.0000,1.1000
3.1598,5.4947,-0.8385,0.8292,-0.0066,1.1000
3.1798,5.5083,-0.8237,0.8290,-0.0235,1.1000
3.1998,5.5218,-0.8090,0.8283,-0.0272,1.1000
3.2198,5.5353,-0.7942,0.8279,0.0047,1.1000
3.2398,5.5488,-0.7795,0.8285,0.0319,1.1000
3.2598,5.5623,-0.7648,0.8291,0.0259,1.1000
3.2798,5.5759,-0.7500,0.8295,0.0275,1.1000
3.2998,5.5894,-0.7352,0.8302,0.0297,1.1000
3.3198,5.6028,-0.7205,0.8307,-0.0202,1.1000
3.3398,5.6163,-0.7057,0.8294,-0.0668,1.1000
3.3598,5.6298,-0.6910,0.8280,0.1644,1.1000
3.3798,5.6434,-0.6763,0.8360,0.7221,1.0807
3.3997,5.6566,-0.6613,0.8569,0.8401,1.0526
3.4197,5.6695,-0.6461,0.8696,1.2808,1.0237
3.4397,5.6824,-0.6308,0.9082,2.0243,0.9940
3.4598,5.6941,-0.6145,0.9505,1.5830,1.0237
3.4798,5.7057,-0.5982,0.9716,1.5343,1.0526
3.4998,5.7167,-0.5815,1.0119,1.5850,1.0513
3.5197,5.7269,-0.5643,1.0349,1.5629,1.0224
3.5397,5.7371,-0.5472,1.0744,2.0296,0.9927
3.5597,5.7459,-0.5292,1.1159,1.5815,1.0225
3.5797,5.7547,-0.5112,1.1377,1.5953,1.0514
3.5997,5.7627,-0.4929,1.1797,1.6048,1.0471
3.6197,5.7699,-0.4743,1.2019,1.5704,1.0180
3.6397,5.7771,-0.4556,1.2426,2.0486,0.9881
3.6597,5.7828,-0.4364,1.2838,1.5632,1.0180
3.6797,5.7885,-0.4172,1.3052,1.5586,1.0471
3.6997,5.7933,-0.3978,1.3461,1.5531,1.0456
3.7198,5.7974,-0.3782,1.3674,1.5719,1.0164
3.7398,5.8014,-0.3586,1.4091,2.0553,0.9865
3.7597,5.8038,-0.3388,1.4494,1.5718,1.0164
3.7797,5.8062,-0.3189,1.4720,1.5784,1.0455
3.7997,5.8077,-0.2990,1.5125,1.5421,1.0485
3.8197,5.8086,-0.2790,1.5337,1.5841,1.0195
3.8397,5.8092,-0.2590,1.5760,2.0421,0.9896
3.8597,5.8083,-0.2390,1.6152,1.5986,1.0195
3.8797,5.8075,-0.2191,1.6399,1.6572,1.0484
3.8997,5.8056,-0.1992,1.6814,1.5715,1.0766
3.9197,5.8030,-0.1794,1.7027,1.5317,1.0583
3.9397,5.8003,-0.1596,1.7427,1.8868,1.0296
3.9597,5.7962,-0.1400,1.7781,1.5608,1.0583
3.9796,5.7921,-0.1204,1.8051,1.7434,1.0711
3.9996,5.7869,-0.1011,1.8477,1.6093,1.0908
4.0196,5.7812,-0.0820,1.8695,1.5563,1.0630
4.0396,5.7752,-0.0629,1.9100,1.8693,1.0344
4.0596,5.7679,-0.0443,1.9442,1.5606,1.0630
4.0796,5.7606,-0.0257,1.9725,1.7589,1.0663
4.0996,5.7522,-0.0075,2.0145,1.5937,1.0893
4.1196,5.7434,0.0105,2.0362,1.5828,1.0614
4.1396,5.7343,0.0282,2.0778,1.8752,1.0327
4.1596,5.7240,0.0454,2.1112,1.5654,1.0614
4.1797,5.7137,0.0626,2.1406,1.7567,1.0670
4.1997,5.7024,0.0791,2.1815,1.5542,1.0947
4.2196,5.6908,0.0954,2.2027,1.5560,1.0809
4.2396,5.6788,0.1114,2.2437,1.8046,1.0528
4.2596,5.6658,0.1266,2.2748,1.5774,1.0326
4.2796,5.6529,0.1418,2.3068,1.8553,1.0032
4.2996,5.6390,0.1562,2.3490,1.3450,0.9728
4.3196,5.6248,0.1703,2.3607,-0.0083,0.9414
4.3397,5.6106,0.1844,2.3486,-1.4190,0.9090
4.3597,5.5967,0.1989,2.3040,-2.6104,0.8753
4.3798,5.5837,0.2142,2.2441,-2.8338,0.8401
4.4002,5.5715,0.2305,2.1894,-2.5055,0.8756
4.4207,5.5600,0.2475,2.1416,-2.1558,0.9102
4.4415,5.5491,0.2653,2.1002,-1.8563,0.9438
4.4626,5.5389,0.2837,2.0638,-1.6255,0.9768
4.4839,5.5291,0.3027,2.0312,-1.4130,1.0090
4.5055,5.5198,0.3221,2.0031,-1.1656,1.0406
4.5273,5.5109,0.3420,1.9805,-0.9071,1.0715
4.5493,5.5024,0.3623,1.9633,-0.6950,1.1000
4.5714,5.4940,0.3828,1.9498,-0.5423,1.1000
4.5937,5.4859,0.4035,1.9392,-0.3904,1.1000
4.6161,5.4780,0.4244,1.9324,-0.2202,1.1000
4.6385,5.4701,0.4454,1.9293,-0.0647,1.1000
4.6610,5.4622,0.4665,1.9295,0.0948,1.1000
4.6834,5.4543,0.4874,1.9336,0.2964,1.1000
4.7057,5.4463,0.5083,1.9428,0.5020,1.1000
4.7279,5.4381,0.5290,1.9560,0.6727,1.1000
4.7500,5.4297,0.5494,1.9726,0.8456,1.0916
4.7719,5.4209,0.5695,1.9933,1.0464,1.0611
4.7936,5.4118,0.5891,2.0183,1.2591,1.0300
4.8151,5.4023,0.6083,2.0477,1.4909,0.9983
4.8362,5.3922,0.6270,2.0819,1.7608,0.9660
4.8571,5.3817,0.6450,2.1217,2.0522,0.9330
4.8778,5.3705,0.6624,2.1672,2.3393,0.8992
4.8982,5.3586,0.6790,2.2179,2.6258,0.8643
4.9185,5.3460,0.6948,2.2741,2.9141,0.8284
4.9386,5.3325,0.7098,2.3354,3.1158,0.8012
4.9586,5.3182,0.7238,2.3989,3.1231,0.8002
4.9786,5.3030,0.7369,2.4603,2.9903,0.8178
4.9987,5.2871,0.7490,2.5186,2.8311,0.8405
5.0189,5.2703,0.7603,2.5741,2.6419,0.8701
5.0393,5.2528,0.7709,2.6259,2.4154,0.9046
5.0600,5.2346,0.7806,2.6734,2.1990,0.9382
5.0809,5.2157,0.7896,2.7173,1.9975,0.9711
5.1021,5.1963,0.7979,2.7574,1.7787,1.0032
5.1235,5.1762,0.8056,2.7931,1.5640,1.0348
5.1453,5.1556,0.8127,2.8251,1.3911,1.0660
5.1675,5.1345,0.8193,2.8543,1.2408,1.0967
5.1899,5.1129,0.8253,2.8805,1.0937,1.1000
5.2126,5.0909,0.8309,2.9038,0.9520,1.1000
5.2356,5.0684,0.8361,2.9241,0.8222,1.1000
5.2588,5.0457,0.8409,2.9418,0.7096,1.1000
5.2823,5.0227,0.8453,2.9572,0.6071,1.1000
5.3060,4.9994,0.8495,2.9704,0.5059,1.1000
5.3298,4.9759,0.8534,2.9813,0.4199,1.1000
5.3539,4.9521,0.8572,2.9906,0.3442,1.1000
5.3780,4.9282,0.8607,2.9979,0.2423,1.1000
5.4022,4.9042,0.8641,3.0023,0.1224,1.1000
5.4265,4.8802,0.8674,3.0039,0.0283,1.1000
5.4508,4.8561,0.8708,3.0037,-0.0324,1.1000
5.4751,4.8321,0.8741,3.0023,-0.0980,1.1000
5.4994,4.8081,0.8775,2.9989,-0.1821,1.1000
5.5236,4.7841,0.8810,2.9935,-0.2696,1.1000
5.5477,4.7603,0.8846,2.9859,-0.3587,1.1000
5.5716,4.7366,0.8884,2.9762,-0.4539,1.1000
5.5954,4.7132,0.8925,2.9642,-0.5564,1.1000
5.6190,4.6900,0.8968,2.9498,-0.6556,1.1000
5.6423,4.6672,0.9014,2.9334,-0.7434,1.1000
5.6654,4.6446,0.9064,2.9153,-0.8526,1.1000
5.6882,4.6224,0.9117,2.8942,-1.0245,1.1000
5.7108,4.6006,0.9175,2.8686,-1.2126,1.1000
5.7331,4.5792,0.9238,2.8398,-1.3576,1.0820
5.7550,4.5584,0.9307,2.8086,-1.4949,1.0512
5.7766,4.5380,0.9381,2.7746,-1.6644,1.0198
5.7980,4.5182,0.9461,2.7370,-1.8641,0.9879
5.8191,4.4990,0.9548,2.6955,-2.0761,0.9554
5.8399,4.4805,0.9641,2.6501,-2.2926,0.9222
5.8604,4.4626,0.9743,2.6007,-2.5229,0.8881
5.8807,4.4455,0.9852,2.5470,-2.7480,0.8531
5.9009,4.4291,0.9969,2.4897,-2.9121,0.8287
5.9209,4.4136,1.0095,2.4303,-3.0364,0.8116
5.9409,4.3988,1.0230,2.3684,-3.1282,0.7996
5.9609,4.3849,1.0375,2.3054,-3.0568,0.8089
5.9810,4.3719,1.0528,2.2458,-2.8015,0.8449
6.0014,4.3596,1.0691,2.1919,-2.4977,0.8803
6.0220,4.3481,1.0861,2.1435,-2.2144,0.9147
6.0428,4.3372,1.1038,2.1003,-1.9170,0.9482
6.0638,4.3270,1.1222,2.0632,-1.6116,0.9809
6.0851,4.3172,1.1412,2.0319,-1.3507,1.0130
6.1067,4.3079,1.1606,2.0052,-1.1407,1.0445
6.1285,4.2990,1.1805,1.9824,-0.9421,1.0753
6.1505,4.2904,1.2007,1.9639,-0.7472,1.1000
6.1727,4.2820,1.2213,1.9493,-0.5728,1.1000
6.1950,4.2739,1.2420,1.9384,-0.4019,1.1000
6.2173,4.2660,1.2629,1.9314,-0.2107,1.1000
6.2397,4.2581,1.2839,1.9289,-0.0229,1.1000
6.2621,4.2503,1.3049,1.9303,0.1316,1.1000
6.2846,4.2424,1.3259,1.9349,0.2696,1.1000
6.3069,4.2343,1.3468,1.9424,0.4320,1.1000
6.3291,4.2262,1.3674,1.9542,0.6465,1.1000
6.3512,4.2178,1.3879,1.9711,0.8707,1.0906
6.3731,4.2090,1.4079,1.9925,1.0646,1.0601
6.3948,4.1999,1.4276,2.0176,1.2655,1.0289
6.4163,4.1904,1.4468,2.0472,1.4988,0.9971
6.4375,4.1804,1.4655,2.0816,1.7478,0.9647
6.4584,4.1698,1.4836,2.1210,2.0186,0.9316
6.4791,4.1586,1.5010,2.1657,2.3217,0.8977
6.4995,4.1468,1.5176,2.2163,2.6322,0.8629
6.5197,4.1342,1.5334,2.2725,2.9241,0.8270
6.5398,4.1208,1.5484,2.3341,2.7605,0.8501
6.5599,4.1064,1.5624,2.3831,1.6481,0.8139
6.5799,4.0917,1.5759,2.4000,0.5630,0.7762
6.5999,4.0769,1.5895,2.4057,0.6454,0.7365
6.6199,4.0620,1.6028,2.4259,0.8685,0.6945
6.6399,4.0467,1.6157,2.4404,1.1971,0.6499
6.6599,4.0315,1.6286,2.4738,1.8820,0.6020
6.6799,4.0154,1.6405,2.5156,1.5861,0.5500
6.6999,3.9991,1.6520,2.5372,1.5774,0.4925
6.7198,3.9825,1.6632,2.5786,1.7393,0.4273
6.7398,3.9653,1.6734,2.6067,0.7013,0.3501
6.7599,3.9481,1.6836,2.6067,-0.0000,0.2500
